id,section,current_prompt,missing
Q001,0. SETUP,Is the property in Texas?,
Q002,0. SETUP,Are you buying a property or assigning a deal (selling a contract)?,Field mappings (or confirmation of none); Answer destinations / routing confirmation
Q004,0. SETUP,What is your primary objective with this opportunity?,Visibility rules (or confirmation of none); Field mappings (or confirmation of none); Answer destinations / routing confirmation
Q007,0. SETUP,How are you Financing the deal?,Visibility rules (or confirmation of none); Answer destinations / routing confirmation
Q010,1. PROPERTY AND CONTRACT,What type of property is it?,Visibility rules (or confirmation of none); Answer destinations / routing confirmation
Q011,1. PROPERTY AND CONTRACT,Is the seller a builder selling a new home?,Answer destinations / routing confirmation
Q012,1. PROPERTY AND CONTRACT,Who occupies the property today?,Visibility rules (or confirmation of none); Answer destinations / routing confirmation
Q013,1. PROPERTY AND CONTRACT,What year was the dwelling built?,Explanation; Stage; Response type; Persona; Remember choice; Route tag; Answer options; Visibility rules (or confirmation of none); Field mappings (or confirmation of none); Answer destinations / routing confirmation
Q014,1. PROPERTY AND CONTRACT,Is mandatory membership in a pro…,Full prompt; Explanation; Stage; Response type; Persona; Remember choice; Route tag; Answer options; Visibility rules (or confirmation of none); Field mappings (or confirmation of none); Answer destinations / routing confirmation
Q015,1. PROPERTY AND CONTRACT,Is the property a condominium?,Explanation; Stage; Response type; Persona; Remember choice; Route tag; Answer options; Visibility rules (or confirmation of none); Field mappings (or confirmation of none); Answer destinations / routing confirmation
Q016,1. PROPERTY AND CONTRACT,Is the property in a public improve…,Full prompt; Explanation; Stage; Response type; Persona; Remember choice; Route tag; Answer options; Visibility rules (or confirmation of none); Field mappings (or confirmation of none); Answer destinations / routing confirmation
QG-MUD,1. PROPERTY AND CONTRACT,Is the property inside a municipal u…,Full prompt; Explanation; Stage; Response type; Persona; Remember choice; Route tag; Answer options; Visibility rules (or confirmation of none); Field mappings (or confirmation of none); Answer destinations / routing confirmation
G006,1. PROPERTY AND CONTRACT,What is the name of the water distr…,Full prompt; Explanation; Stage; Response type; Persona; Remember choice; Route tag; Answer options; Visibility rules (or confirmation of none); Field mappings (or confirmation of none); Answer destinations / routing confirmation
G007,1. PROPERTY AND CONTRACT,What is the district’s current total t…,Full prompt; Explanation; Stage; Response type; Persona; Remember choice; Route tag; Answer options; Visibility rules (or confirmation of none); Field mappings (or confirmation of none); Answer destinations / routing confirmation
Q017,1. PROPERTY AND CONTRACT,"Are groundwater, water wells, pon…",Full prompt; Explanation; Stage; Response type; Persona; Remember choice; Route tag; Answer options; Visibility rules (or confirmation of none); Field mappings (or confirmation of none); Answer destinations / routing confirmation
Q018,1. PROPERTY AND CONTRACT,Is the property coastal or seaward …,Full prompt; Explanation; Stage; Response type; Persona; Remember choice; Route tag; Answer options; Visibility rules (or confirmation of none); Field mappings (or confirmation of none); Answer destinations / routing confirmation
Q019,1. PROPERTY AND CONTRACT,Is the property in a propane gas sy…,Full prompt; Explanation; Stage; Response type; Persona; Remember choice; Route tag; Answer options; Visibility rules (or confirmation of none); Field mappings (or confirmation of none); Answer destinations / routing confirmation
Q020,1. PROPERTY AND CONTRACT,"Will the seller reserve any oil, gas, …",Full prompt; Explanation; Stage; Response type; Persona; Remember choice; Route tag; Answer options; Visibility rules (or confirmation of none); Field mappings (or confirmation of none); Answer destinations / routing confirmation
Q021,1. PROPERTY AND CONTRACT,"Are there leased solar panels, wate…",Full prompt; Explanation; Stage; Response type; Persona; Remember choice; Route tag; Answer options; Visibility rules (or confirmation of none); Field mappings (or confirmation of none); Answer destinations / routing confirmation
Q022,1. PROPERTY AND CONTRACT,Is the property currently rented un…,Full prompt; Explanation; Stage; Response type; Persona; Remember choice; Route tag; Answer options; Visibility rules (or confirmation of none); Field mappings (or confirmation of none); Answer destinations / routing confirmation
Q023,1. PROPERTY AND CONTRACT,Are any personal property items in…,Full prompt; Explanation; Stage; Response type; Persona; Remember choice; Route tag; Answer options; Visibility rules (or confirmation of none); Field mappings (or confirmation of none); Answer destinations / routing confirmation
Q024,1. PROPERTY AND CONTRACT,"Do you want environmental, endan…",Full prompt; Explanation; Stage; Response type; Persona; Remember choice; Route tag; Answer options; Visibility rules (or confirmation of none); Field mappings (or confirmation of none); Answer destinations / routing confirmation
Q025,1. PROPERTY AND CONTRACT,Does your purchase depend on sel…,Full prompt; Explanation; Stage; Response type; Persona; Remember choice; Route tag; Answer options; Visibility rules (or confirmation of none); Field mappings (or confirmation of none); Answer destinations / routing confirmation
Q026,1. PROPERTY AND CONTRACT,Will this be a backup contract behi…,Full prompt; Explanation; Stage; Response type; Persona; Remember choice; Route tag; Answer options; Visibility rules (or confirmation of none); Field mappings (or confirmation of none); Answer destinations / routing confirmation
Q027,1. PROPERTY AND CONTRACT,Does either party intend to comple…,Full prompt; Explanation; Stage; Response type; Persona; Remember choice; Route tag; Answer options; Visibility rules (or confirmation of none); Field mappings (or confirmation of none); Answer destinations / routing confirmation
G017,1. PROPERTY AND CONTRACT,Are you acquiring this property to …,Full prompt; Explanation; Stage; Response type; Persona; Remember choice; Route tag; Answer options; Visibility rules (or confirmation of none); Field mappings (or confirmation of none); Answer destinations / routing confirmation
Q028,1. PROPERTY AND CONTRACT,Will the seller remain in the propert…,Full prompt; Explanation; Stage; Response type; Persona; Remember choice; Route tag; Answer options; Visibility rules (or confirmation of none); Field mappings (or confirmation of none); Answer destinations / routing confirmation
Q029,1. PROPERTY AND CONTRACT,Will the buyer occupy the property…,Full prompt; Explanation; Stage; Response type; Persona; Remember choice; Route tag; Answer options; Visibility rules (or confirmation of none); Field mappings (or confirmation of none); Answer destinations / routing confirmation
Q030,1. PROPERTY AND CONTRACT,Do the parties agree to hydrostatic…,Full prompt; Explanation; Stage; Response type; Persona; Remember choice; Route tag; Answer options; Visibility rules (or confirmation of none); Field mappings (or confirmation of none); Answer destinations / routing confirmation
Q031,1. PROPERTY AND CONTRACT,Will third-party financing be a con…,Full prompt; Explanation; Stage; Response type; Persona; Remember choice; Route tag; Answer options; Visibility rules (or confirmation of none); Field mappings (or confirmation of none); Answer destinations / routing confirmation
Q032,1. PROPERTY AND CONTRACT,Do you want an additional contract…,Full prompt; Explanation; Stage; Response type; Persona; Remember choice; Route tag; Answer options; Visibility rules (or confirmation of none); Field mappings (or confirmation of none); Answer destinations / routing confirmation
Q033,1. PROPERTY AND CONTRACT,Is the offer less than what is owed …,Full prompt; Explanation; Stage; Response type; Persona; Remember choice; Route tag; Answer options; Visibility rules (or confirmation of none); Field mappings (or confirmation of none); Answer destinations / routing confirmation
Q040,"2. SELLER, TITLE AND DEBT",Who is the legal owner shown in c…,Full prompt; Explanation; Stage; Response type; Persona; Remember choice; Route tag; Answer options; Visibility rules (or confirmation of none); Field mappings (or confirmation of none); Answer destinations / routing confirmation
Q041,"2. SELLER, TITLE AND DEBT",Does the person signing have auth…,Full prompt; Explanation; Stage; Response type; Persona; Remember choice; Route tag; Answer options; Visibility rules (or confirmation of none); Field mappings (or confirmation of none); Answer destinations / routing confirmation
G001,"2. SELLER, TITLE AND DEBT","Is the seller married, and is this pro…",Full prompt; Explanation; Stage; Response type; Persona; Remember choice; Route tag; Answer options; Visibility rules (or confirmation of none); Field mappings (or confirmation of none); Answer destinations / routing confirmation
G002,"2. SELLER, TITLE AND DEBT",Will the seller’s spouse sign the de…,Full prompt; Explanation; Stage; Response type; Persona; Remember choice; Route tag; Answer options; Visibility rules (or confirmation of none); Field mappings (or confirmation of none); Answer destinations / routing confirmation
Q042,"2. SELLER, TITLE AND DEBT","Are there known liens, judgments, …",Full prompt; Explanation; Stage; Response type; Persona; Remember choice; Route tag; Answer options; Visibility rules (or confirmation of none); Field mappings (or confirmation of none); Answer destinations / routing confirmation
Q043,"2. SELLER, TITLE AND DEBT",Is there an existing mortgage or de…,Full prompt; Explanation; Stage; Response type; Persona; Remember choice; Route tag; Answer options; Visibility rules (or confirmation of none); Field mappings (or confirmation of none); Answer destinations / routing confirmation
Q044,"2. SELLER, TITLE AND DEBT",What is the approximate current lo…,Full prompt; Explanation; Stage; Response type; Persona; Remember choice; Route tag; Answer options; Visibility rules (or confirmation of none); Field mappings (or confirmation of none); Answer destinations / routing confirmation
Q045,"2. SELLER, TITLE AND DEBT",Is the loan current?,Explanation; Stage; Response type; Persona; Remember choice; Route tag; Answer options; Visibility rules (or confirmation of none); Field mappings (or confirmation of none); Answer destinations / routing confirmation
G008,"2. SELLER, TITLE AND DEBT",What is the posted foreclosure sal…,Full prompt; Explanation; Stage; Response type; Persona; Remember choice; Route tag; Answer options; Visibility rules (or confirmation of none); Field mappings (or confirmation of none); Answer destinations / routing confirmation
G009,"2. SELLER, TITLE AND DEBT",What reinstatement amount has th…,Full prompt; Explanation; Stage; Response type; Persona; Remember choice; Route tag; Answer options; Visibility rules (or confirmation of none); Field mappings (or confirmation of none); Answer destinations / routing confirmation
G010,"2. SELLER, TITLE AND DEBT",What date was that reinstatement …,Full prompt; Explanation; Stage; Response type; Persona; Remember choice; Route tag; Answer options; Visibility rules (or confirmation of none); Field mappings (or confirmation of none); Answer destinations / routing confirmation
Q046,"2. SELLER, TITLE AND DEBT",What is the interest rate on the exi…,Full prompt; Explanation; Stage; Response type; Persona; Remember choice; Route tag; Answer options; Visibility rules (or confirmation of none); Field mappings (or confirmation of none); Answer destinations / routing confirmation
Q047,"2. SELLER, TITLE AND DEBT",What is the total monthly payment i…,Full prompt; Explanation; Stage; Response type; Persona; Remember choice; Route tag; Answer options; Visibility rules (or confirmation of none); Field mappings (or confirmation of none); Answer destinations / routing confirmation
Q048,"2. SELLER, TITLE AND DEBT",How many years remain on the loa…,Full prompt; Explanation; Stage; Response type; Persona; Remember choice; Route tag; Answer options; Visibility rules (or confirmation of none); Field mappings (or confirmation of none); Answer destinations / routing confirmation
Q049,"2. SELLER, TITLE AND DEBT",Is the existing loan formally assum…,Full prompt; Explanation; Stage; Response type; Persona; Remember choice; Route tag; Answer options; Visibility rules (or confirmation of none); Field mappings (or confirmation of none); Answer destinations / routing confirmation
Q050,"2. SELLER, TITLE AND DEBT",Does the seller need all of their eq…,Full prompt; Explanation; Stage; Response type; Persona; Remember choice; Route tag; Answer options; Visibility rules (or confirmation of none); Field mappings (or confirmation of none); Answer destinations / routing confirmation
Q051,"2. SELLER, TITLE AND DEBT",Would the seller consider receiving…,Full prompt; Explanation; Stage; Response type; Persona; Remember choice; Route tag; Answer options; Visibility rules (or confirmation of none); Field mappings (or confirmation of none); Answer destinations / routing confirmation
Q052,"2. SELLER, TITLE AND DEBT",Would the seller consider leaving t…,Full prompt; Explanation; Stage; Response type; Persona; Remember choice; Route tag; Answer options; Visibility rules (or confirmation of none); Field mappings (or confirmation of none); Answer destinations / routing confirmation
Q053,"2. SELLER, TITLE AND DEBT",Is the seller willing to allow a new n…,Full prompt; Explanation; Stage; Response type; Persona; Remember choice; Route tag; Answer options; Visibility rules (or confirmation of none); Field mappings (or confirmation of none); Answer destinations / routing confirmation
Q054,"2. SELLER, TITLE AND DEBT",Is the seller free and clear with no …,Full prompt; Explanation; Stage; Response type; Persona; Remember choice; Route tag; Answer options; Visibility rules (or confirmation of none); Field mappings (or confirmation of none); Answer destinations / routing confirmation
Q055,"2. SELLER, TITLE AND DEBT",Will the buyer occupy the property…,Full prompt; Explanation; Stage; Response type; Persona; Remember choice; Route tag; Answer options; Visibility rules (or confirmation of none); Field mappings (or confirmation of none); Answer destinations / routing confirmation
Q056,"2. SELLER, TITLE AND DEBT",How many residential properties h…,Full prompt; Explanation; Stage; Response type; Persona; Remember choice; Route tag; Answer options; Visibility rules (or confirmation of none); Field mappings (or confirmation of none); Answer destinations / routing confirmation
Q057,"2. SELLER, TITLE AND DEBT",Has the seller provided the most re…,Full prompt; Explanation; Stage; Response type; Persona; Remember choice; Route tag; Answer options; Visibility rules (or confirmation of none); Field mappings (or confirmation of none); Answer destinations / routing confirmation
Q058,"2. SELLER, TITLE AND DEBT",Have you confirmed insurance can…,Full prompt; Explanation; Stage; Response type; Persona; Remember choice; Route tag; Answer options; Visibility rules (or confirmation of none); Field mappings (or confirmation of none); Answer destinations / routing confirmation
Q059,"2. SELLER, TITLE AND DEBT",Will payments on any seller-carrie…,Full prompt; Explanation; Stage; Response type; Persona; Remember choice; Route tag; Answer options; Visibility rules (or confirmation of none); Field mappings (or confirmation of none); Answer destinations / routing confirmation
Q060,"2. SELLER, TITLE AND DEBT",Is there a clear exit before any ball…,Full prompt; Explanation; Stage; Response type; Persona; Remember choice; Route tag; Answer options; Visibility rules (or confirmation of none); Field mappings (or confirmation of none); Answer destinations / routing confirmation
Q191,"2. SELLER, TITLE AND DEBT",New question,Explanation; Stage; Response type; Persona; Remember choice; Route tag; Answer options; Visibility rules (or confirmation of none); Field mappings (or confirmation of none); Answer destinations / routing confirmation
Q070,3. DEAL ECONOMICS,What is the seller’s asking price?,Explanation; Stage; Response type; Persona; Remember choice; Route tag; Answer options; Visibility rules (or confirmation of none); Field mappings (or confirmation of none); Answer destinations / routing confirmation
Q071,3. DEAL ECONOMICS,What price do you believe you can …,Full prompt; Explanation; Stage; Response type; Persona; Remember choice; Route tag; Answer options; Visibility rules (or confirmation of none); Field mappings (or confirmation of none); Answer destinations / routing confirmation
Q072,3. DEAL ECONOMICS,What is the as-is market value sup…,Full prompt; Explanation; Stage; Response type; Persona; Remember choice; Route tag; Answer options; Visibility rules (or confirmation of none); Field mappings (or confirmation of none); Answer destinations / routing confirmation
Q073,3. DEAL ECONOMICS,What is the after-repair value (ARV…,Full prompt; Explanation; Stage; Response type; Persona; Remember choice; Route tag; Answer options; Visibility rules (or confirmation of none); Field mappings (or confirmation of none); Answer destinations / routing confirmation
Q074,3. DEAL ECONOMICS,What is the repair budget based on…,Full prompt; Explanation; Stage; Response type; Persona; Remember choice; Route tag; Answer options; Visibility rules (or confirmation of none); Field mappings (or confirmation of none); Answer destinations / routing confirmation
Q075,3. DEAL ECONOMICS,What rehab contingency percenta…,Full prompt; Explanation; Stage; Response type; Persona; Remember choice; Route tag; Answer options; Visibility rules (or confirmation of none); Field mappings (or confirmation of none); Answer destinations / routing confirmation
Q076,3. DEAL ECONOMICS,What are estimated acquisition clo…,Full prompt; Explanation; Stage; Response type; Persona; Remember choice; Route tag; Answer options; Visibility rules (or confirmation of none); Field mappings (or confirmation of none); Answer destinations / routing confirmation
Q077,3. DEAL ECONOMICS,What are estimated financing point…,Full prompt; Explanation; Stage; Response type; Persona; Remember choice; Route tag; Answer options; Visibility rules (or confirmation of none); Field mappings (or confirmation of none); Answer destinations / routing confirmation
Q078,3. DEAL ECONOMICS,What are estimated monthly holdin…,Full prompt; Explanation; Stage; Response type; Persona; Remember choice; Route tag; Answer options; Visibility rules (or confirmation of none); Field mappings (or confirmation of none); Answer destinations / routing confirmation
Q079,3. DEAL ECONOMICS,How many months do you realistic…,Full prompt; Explanation; Stage; Response type; Persona; Remember choice; Route tag; Answer options; Visibility rules (or confirmation of none); Field mappings (or confirmation of none); Answer destinations / routing confirmation
Q080,3. DEAL ECONOMICS,What are estimated resale costs (c…,Full prompt; Explanation; Stage; Response type; Persona; Remember choice; Route tag; Answer options; Visibility rules (or confirmation of none); Field mappings (or confirmation of none); Answer destinations / routing confirmation
Q081,3. DEAL ECONOMICS,What minimum dollar profit do you …,Full prompt; Explanation; Stage; Response type; Persona; Remember choice; Route tag; Answer options; Visibility rules (or confirmation of none); Field mappings (or confirmation of none); Answer destinations / routing confirmation
Q082,3. DEAL ECONOMICS,What minimum profit margin on tot…,Full prompt; Explanation; Stage; Response type; Persona; Remember choice; Route tag; Answer options; Visibility rules (or confirmation of none); Field mappings (or confirmation of none); Answer destinations / routing confirmation
Q083,3. DEAL ECONOMICS,What is realistic monthly market re…,Full prompt; Explanation; Stage; Response type; Persona; Remember choice; Route tag; Answer options; Visibility rules (or confirmation of none); Field mappings (or confirmation of none); Answer destinations / routing confirmation
Q084,3. DEAL ECONOMICS,What vacancy/credit-loss assumpti…,Full prompt; Explanation; Stage; Response type; Persona; Remember choice; Route tag; Answer options; Visibility rules (or confirmation of none); Field mappings (or confirmation of none); Answer destinations / routing confirmation
G003,3. DEAL ECONOMICS,Should we underwrite a tax increa…,Full prompt; Explanation; Stage; Response type; Persona; Remember choice; Route tag; Answer options; Visibility rules (or confirmation of none); Field mappings (or confirmation of none); Answer destinations / routing confirmation
G004,3. DEAL ECONOMICS,What taxable value should we use …,Full prompt; Explanation; Stage; Response type; Persona; Remember choice; Route tag; Answer options; Visibility rules (or confirmation of none); Field mappings (or confirmation of none); Answer destinations / routing confirmation
Q085,3. DEAL ECONOMICS,What annual property taxes should…,Full prompt; Explanation; Stage; Response type; Persona; Remember choice; Route tag; Answer options; Visibility rules (or confirmation of none); Field mappings (or confirmation of none); Answer destinations / routing confirmation
Q086,3. DEAL ECONOMICS,What annual insurance premium sh…,Full prompt; Explanation; Stage; Response type; Persona; Remember choice; Route tag; Answer options; Visibility rules (or confirmation of none); Field mappings (or confirmation of none); Answer destinations / routing confirmation
Q087,3. DEAL ECONOMICS,What monthly HOA or condo dues …,Full prompt; Explanation; Stage; Response type; Persona; Remember choice; Route tag; Answer options; Visibility rules (or confirmation of none); Field mappings (or confirmation of none); Answer destinations / routing confirmation
Q088,3. DEAL ECONOMICS,What annual repairs/maintenance r…,Full prompt; Explanation; Stage; Response type; Persona; Remember choice; Route tag; Answer options; Visibility rules (or confirmation of none); Field mappings (or confirmation of none); Answer destinations / routing confirmation
Q089,3. DEAL ECONOMICS,What annual capital-expenditure re…,Full prompt; Explanation; Stage; Response type; Persona; Remember choice; Route tag; Answer options; Visibility rules (or confirmation of none); Field mappings (or confirmation of none); Answer destinations / routing confirmation
Q090,3. DEAL ECONOMICS,Will you use professional property …,Full prompt; Explanation; Stage; Response type; Persona; Remember choice; Route tag; Answer options; Visibility rules (or confirmation of none); Field mappings (or confirmation of none); Answer destinations / routing confirmation
Q091,3. DEAL ECONOMICS,What annual debt service will the r…,Full prompt; Explanation; Stage; Response type; Persona; Remember choice; Route tag; Answer options; Visibility rules (or confirmation of none); Field mappings (or confirmation of none); Answer destinations / routing confirmation
Q092,3. DEAL ECONOMICS,What minimum DSCR do you requir…,Full prompt; Explanation; Stage; Response type; Persona; Remember choice; Route tag; Answer options; Visibility rules (or confirmation of none); Field mappings (or confirmation of none); Answer destinations / routing confirmation
Q093,3. DEAL ECONOMICS,What minimum cash-on-cash retur…,Full prompt; Explanation; Stage; Response type; Persona; Remember choice; Route tag; Answer options; Visibility rules (or confirmation of none); Field mappings (or confirmation of none); Answer destinations / routing confirmation
Q094,3. DEAL ECONOMICS,"After closing and repairs, how muc…",Full prompt; Explanation; Stage; Response type; Persona; Remember choice; Route tag; Answer options; Visibility rules (or confirmation of none); Field mappings (or confirmation of none); Answer destinations / routing confirmation
Q095,3. DEAL ECONOMICS,Is a refinance realistically available…,Full prompt; Explanation; Stage; Response type; Persona; Remember choice; Route tag; Answer options; Visibility rules (or confirmation of none); Field mappings (or confirmation of none); Answer destinations / routing confirmation
Q096,3. DEAL ECONOMICS,What stabilized value and refinanc…,Full prompt; Explanation; Stage; Response type; Persona; Remember choice; Route tag; Answer options; Visibility rules (or confirmation of none); Field mappings (or confirmation of none); Answer destinations / routing confirmation
Q097,3. DEAL ECONOMICS,Can you fund the full rehab plus co…,Full prompt; Explanation; Stage; Response type; Persona; Remember choice; Route tag; Answer options; Visibility rules (or confirmation of none); Field mappings (or confirmation of none); Answer destinations / routing confirmation
Q098,3. DEAL ECONOMICS,How strong is end-buyer demand f…,Full prompt; Explanation; Stage; Response type; Persona; Remember choice; Route tag; Answer options; Visibility rules (or confirmation of none); Field mappings (or confirmation of none); Answer destinations / routing confirmation
Q099,3. DEAL ECONOMICS,What assignment fee or wholesale …,Full prompt; Explanation; Stage; Response type; Persona; Remember choice; Route tag; Answer options; Visibility rules (or confirmation of none); Field mappings (or confirmation of none); Answer destinations / routing confirmation
Q110,4. DUE DILIGENCE,Has a title company or attorney rev…,Full prompt; Explanation; Stage; Response type; Persona; Remember choice; Route tag; Answer options; Visibility rules (or confirmation of none); Field mappings (or confirmation of none); Answer destinations / routing confirmation
Q111,4. DUE DILIGENCE,"Are there unresolved survey, boun…",Full prompt; Explanation; Stage; Response type; Persona; Remember choice; Route tag; Answer options; Visibility rules (or confirmation of none); Field mappings (or confirmation of none); Answer destinations / routing confirmation
Q112,4. DUE DILIGENCE,Is the current zoning/land use com…,Full prompt; Explanation; Stage; Response type; Persona; Remember choice; Route tag; Answer options; Visibility rules (or confirmation of none); Field mappings (or confirmation of none); Answer destinations / routing confirmation
Q113,4. DUE DILIGENCE,Is the property in a flood hazard ar…,Full prompt; Explanation; Stage; Response type; Persona; Remember choice; Route tag; Answer options; Visibility rules (or confirmation of none); Field mappings (or confirmation of none); Answer destinations / routing confirmation
Q114,4. DUE DILIGENCE,"Are well, septic or private utility sy…",Full prompt; Explanation; Stage; Response type; Persona; Remember choice; Route tag; Answer options; Visibility rules (or confirmation of none); Field mappings (or confirmation of none); Answer destinations / routing confirmation
Q115,4. DUE DILIGENCE,"Have foundation, roof, HVAC, elect…",Full prompt; Explanation; Stage; Response type; Persona; Remember choice; Route tag; Answer options; Visibility rules (or confirmation of none); Field mappings (or confirmation of none); Answer destinations / routing confirmation
Q116,4. DUE DILIGENCE,"Are there open permits, code violat…",Full prompt; Explanation; Stage; Response type; Persona; Remember choice; Route tag; Answer options; Visibility rules (or confirmation of none); Field mappings (or confirmation of none); Answer destinations / routing confirmation
Q117,4. DUE DILIGENCE,Can the property be insured at a c…,Full prompt; Explanation; Stage; Response type; Persona; Remember choice; Route tag; Answer options; Visibility rules (or confirmation of none); Field mappings (or confirmation of none); Answer destinations / routing confirmation
G011,4. DUE DILIGENCE,What date was the insurance quot…,Full prompt; Explanation; Stage; Response type; Persona; Remember choice; Route tag; Answer options; Visibility rules (or confirmation of none); Field mappings (or confirmation of none); Answer destinations / routing confirmation
G012,4. DUE DILIGENCE,How does the quote treat the roof?,Explanation; Stage; Response type; Persona; Remember choice; Route tag; Answer options; Visibility rules (or confirmation of none); Field mappings (or confirmation of none); Answer destinations / routing confirmation
Q118,4. DUE DILIGENCE,"If tenant-occupied, have you verifi…",Full prompt; Explanation; Stage; Response type; Persona; Remember choice; Route tag; Answer options; Visibility rules (or confirmation of none); Field mappings (or confirmation of none); Answer destinations / routing confirmation
G013,4. DUE DILIGENCE,Has each tenant signed an estopp…,Full prompt; Explanation; Stage; Response type; Persona; Remember choice; Route tag; Answer options; Visibility rules (or confirmation of none); Field mappings (or confirmation of none); Answer destinations / routing confirmation
G014,4. DUE DILIGENCE,What is the total security-deposit b…,Full prompt; Explanation; Stage; Response type; Persona; Remember choice; Route tag; Answer options; Visibility rules (or confirmation of none); Field mappings (or confirmation of none); Answer destinations / routing confirmation
G015,4. DUE DILIGENCE,Will those deposits be credited to y…,Full prompt; Explanation; Stage; Response type; Persona; Remember choice; Route tag; Answer options; Visibility rules (or confirmation of none); Field mappings (or confirmation of none); Answer destinations / routing confirmation
Q119,4. DUE DILIGENCE,Have you confirmed local rental/s…,Full prompt; Explanation; Stage; Response type; Persona; Remember choice; Route tag; Answer options; Visibility rules (or confirmation of none); Field mappings (or confirmation of none); Answer destinations / routing confirmation
Q130,5A. WHOLESALE,Do you have a signed purchase co…,Full prompt; Explanation; Stage; Response type; Persona; Remember choice; Route tag; Answer options; Visibility rules (or confirmation of none); Field mappings (or confirmation of none); Answer destinations / routing confirmation
Q131,5A. WHOLESALE,Does the contract allow assignmen…,Full prompt; Explanation; Stage; Response type; Persona; Remember choice; Route tag; Answer options; Visibility rules (or confirmation of none); Field mappings (or confirmation of none); Answer destinations / routing confirmation
Q132,5A. WHOLESALE,After the end buyer’s required prof…,Full prompt; Explanation; Stage; Response type; Persona; Remember choice; Route tag; Answer options; Visibility rules (or confirmation of none); Field mappings (or confirmation of none); Answer destinations / routing confirmation
Q133,5A. WHOLESALE,Have you identified realistic end bu…,Full prompt; Explanation; Stage; Response type; Persona; Remember choice; Route tag; Answer options; Visibility rules (or confirmation of none); Field mappings (or confirmation of none); Answer destinations / routing confirmation
Q134,5A. WHOLESALE,Can you close or otherwise perfor…,Full prompt; Explanation; Stage; Response type; Persona; Remember choice; Route tag; Answer options; Visibility rules (or confirmation of none); Field mappings (or confirmation of none); Answer destinations / routing confirmation
Q135,5A. WHOLESALE,Will all marketing clearly state that …,Full prompt; Explanation; Stage; Response type; Persona; Remember choice; Route tag; Answer options; Visibility rules (or confirmation of none); Field mappings (or confirmation of none); Answer destinations / routing confirmation
QG-WHOLESALE-CONDUCT,5A. WHOLESALE,Will you market only your own cont…,Full prompt; Explanation; Stage; Response type; Persona; Remember choice; Route tag; Answer options; Visibility rules (or confirmation of none); Field mappings (or confirmation of none); Answer destinations / routing confirmation
Q140,5B. FIX AND FLIP,Does projected net profit meet bot…,Full prompt; Explanation; Stage; Response type; Persona; Remember choice; Route tag; Answer options; Visibility rules (or confirmation of none); Field mappings (or confirmation of none); Answer destinations / routing confirmation
Q141,5B. FIX AND FLIP,Do you have a written rehab scope…,Full prompt; Explanation; Stage; Response type; Persona; Remember choice; Route tag; Answer options; Visibility rules (or confirmation of none); Field mappings (or confirmation of none); Answer destinations / routing confirmation
Q142,5B. FIX AND FLIP,Is the rehab contingency adequate…,Full prompt; Explanation; Stage; Response type; Persona; Remember choice; Route tag; Answer options; Visibility rules (or confirmation of none); Field mappings (or confirmation of none); Answer destinations / routing confirmation
Q143,5B. FIX AND FLIP,Are ARV comps truly renovated an…,Full prompt; Explanation; Stage; Response type; Persona; Remember choice; Route tag; Answer options; Visibility rules (or confirmation of none); Field mappings (or confirmation of none); Answer destinations / routing confirmation
Q144,5B. FIX AND FLIP,Can financing and cash carry the p…,Full prompt; Explanation; Stage; Response type; Persona; Remember choice; Route tag; Answer options; Visibility rules (or confirmation of none); Field mappings (or confirmation of none); Answer destinations / routing confirmation
Q145,5B. FIX AND FLIP,Does the deal still work if ARV is lo…,Full prompt; Explanation; Stage; Response type; Persona; Remember choice; Route tag; Answer options; Visibility rules (or confirmation of none); Field mappings (or confirmation of none); Answer destinations / routing confirmation
Q146,5B. FIX AND FLIP,Is there a credible fallback exit suc…,Full prompt; Explanation; Stage; Response type; Persona; Remember choice; Route tag; Answer options; Visibility rules (or confirmation of none); Field mappings (or confirmation of none); Answer destinations / routing confirmation
Q150,5C. HOLD / BRRRR,Does stabilized NOI remain positiv…,Full prompt; Explanation; Stage; Response type; Persona; Remember choice; Route tag; Answer options; Visibility rules (or confirmation of none); Field mappings (or confirmation of none); Answer destinations / routing confirmation
Q151,5C. HOLD / BRRRR,Does DSCR meet your selected tar…,Full prompt; Explanation; Stage; Response type; Persona; Remember choice; Route tag; Answer options; Visibility rules (or confirmation of none); Field mappings (or confirmation of none); Answer destinations / routing confirmation
Q152,5C. HOLD / BRRRR,Does cash-on-cash return meet yo…,Full prompt; Explanation; Stage; Response type; Persona; Remember choice; Route tag; Answer options; Visibility rules (or confirmation of none); Field mappings (or confirmation of none); Answer destinations / routing confirmation
Q153,5C. HOLD / BRRRR,Are reserves adequate for turnover…,Full prompt; Explanation; Stage; Response type; Persona; Remember choice; Route tag; Answer options; Visibility rules (or confirmation of none); Field mappings (or confirmation of none); Answer destinations / routing confirmation
Q154,5C. HOLD / BRRRR,Are market rents supported by act…,Full prompt; Explanation; Stage; Response type; Persona; Remember choice; Route tag; Answer options; Visibility rules (or confirmation of none); Field mappings (or confirmation of none); Answer destinations / routing confirmation
Q155,5C. HOLD / BRRRR,Is the property’s condition compati…,Full prompt; Explanation; Stage; Response type; Persona; Remember choice; Route tag; Answer options; Visibility rules (or confirmation of none); Field mappings (or confirmation of none); Answer destinations / routing confirmation
Q156,5C. HOLD / BRRRR,"For BRRRR, will projected refinanc…",Full prompt; Explanation; Stage; Response type; Persona; Remember choice; Route tag; Answer options; Visibility rules (or confirmation of none); Field mappings (or confirmation of none); Answer destinations / routing confirmation
Q157,5C. HOLD / BRRRR,Have you verified lender seasonin…,Full prompt; Explanation; Stage; Response type; Persona; Remember choice; Route tag; Answer options; Visibility rules (or confirmation of none); Field mappings (or confirmation of none); Answer destinations / routing confirmation
Q160,5D. CREATIVE FINANCE,Is a formal lender-approved loan a…,Full prompt; Explanation; Stage; Response type; Persona; Remember choice; Route tag; Answer options; Visibility rules (or confirmation of none); Field mappings (or confirmation of none); Answer destinations / routing confirmation
Q161,5D. CREATIVE FINANCE,"For subject-to, are the existing rate…",Full prompt; Explanation; Stage; Response type; Persona; Remember choice; Route tag; Answer options; Visibility rules (or confirmation of none); Field mappings (or confirmation of none); Answer destinations / routing confirmation
Q162,5D. CREATIVE FINANCE,"For subject-to, can seller equity an…",Full prompt; Explanation; Stage; Response type; Persona; Remember choice; Route tag; Answer options; Visibility rules (or confirmation of none); Field mappings (or confirmation of none); Answer destinations / routing confirmation
Q163,5D. CREATIVE FINANCE,"For subject-to, has an attorney/title…",Full prompt; Explanation; Stage; Response type; Persona; Remember choice; Route tag; Answer options; Visibility rules (or confirmation of none); Field mappings (or confirmation of none); Answer destinations / routing confirmation
Q164,5D. CREATIVE FINANCE,"For seller financing, are rate, term, …",Full prompt; Explanation; Stage; Response type; Persona; Remember choice; Route tag; Answer options; Visibility rules (or confirmation of none); Field mappings (or confirmation of none); Answer destinations / routing confirmation
Q165,5D. CREATIVE FINANCE,For seller financing involving possi…,Full prompt; Explanation; Stage; Response type; Persona; Remember choice; Route tag; Answer options; Visibility rules (or confirmation of none); Field mappings (or confirmation of none); Answer destinations / routing confirmation
Q166,5D. CREATIVE FINANCE,Does the proposed new seller-fina…,Full prompt; Explanation; Stage; Response type; Persona; Remember choice; Route tag; Answer options; Visibility rules (or confirmation of none); Field mappings (or confirmation of none); Answer destinations / routing confirmation
Q167,5D. CREATIVE FINANCE,"If wrap financing is proposed, is th…",Full prompt; Explanation; Stage; Response type; Persona; Remember choice; Route tag; Answer options; Visibility rules (or confirmation of none); Field mappings (or confirmation of none); Answer destinations / routing confirmation
Q168,5D. CREATIVE FINANCE,"Is there a professional servicing, ta…",Full prompt; Explanation; Stage; Response type; Persona; Remember choice; Route tag; Answer options; Visibility rules (or confirmation of none); Field mappings (or confirmation of none); Answer destinations / routing confirmation
Q169,5D. CREATIVE FINANCE,Does the creative-finance exit occ…,Full prompt; Explanation; Stage; Response type; Persona; Remember choice; Route tag; Answer options; Visibility rules (or confirmation of none); Field mappings (or confirmation of none); Answer destinations / routing confirmation
Q180,6. CONTRACT AND CLOSING,Is the seller required to provide the…,Full prompt; Explanation; Stage; Response type; Persona; Remember choice; Route tag; Answer options; Visibility rules (or confirmation of none); Field mappings (or confirmation of none); Answer destinations / routing confirmation
Q181,6. CONTRACT AND CLOSING,Has the seller completed the curre…,Full prompt; Explanation; Stage; Response type; Persona; Remember choice; Route tag; Answer options; Visibility rules (or confirmation of none); Field mappings (or confirmation of none); Answer destinations / routing confirmation
Q182,6. CONTRACT AND CLOSING,Has the contract been fully execut…,Full prompt; Explanation; Stage; Response type; Persona; Remember choice; Route tag; Answer options; Visibility rules (or confirmation of none); Field mappings (or confirmation of none); Answer destinations / routing confirmation
Q183,6. CONTRACT AND CLOSING,Have the parties agreed to change …,Full prompt; Explanation; Stage; Response type; Persona; Remember choice; Route tag; Answer options; Visibility rules (or confirmation of none); Field mappings (or confirmation of none); Answer destinations / routing confirmation
Q184,6. CONTRACT AND CLOSING,Is the buyer terminating under a va…,Full prompt; Explanation; Stage; Response type; Persona; Remember choice; Route tag; Answer options; Visibility rules (or confirmation of none); Field mappings (or confirmation of none); Answer destinations / routing confirmation
Q185,6. CONTRACT AND CLOSING,Is the seller terminating under a val…,Full prompt; Explanation; Stage; Response type; Persona; Remember choice; Route tag; Answer options; Visibility rules (or confirmation of none); Field mappings (or confirmation of none); Answer destinations / routing confirmation
Q186,6. CONTRACT AND CLOSING,Has a backup contract become the…,Full prompt; Explanation; Stage; Response type; Persona; Remember choice; Route tag; Answer options; Visibility rules (or confirmation of none); Field mappings (or confirmation of none); Answer destinations / routing confirmation
Q187,6. CONTRACT AND CLOSING,"Are all title objections, payoff issue…",Full prompt; Explanation; Stage; Response type; Persona; Remember choice; Route tag; Answer options; Visibility rules (or confirmation of none); Field mappings (or confirmation of none); Answer destinations / routing confirmation
Q188,6. CONTRACT AND CLOSING,Are all financing conditions and re…,Full prompt; Explanation; Stage; Response type; Persona; Remember choice; Route tag; Answer options; Visibility rules (or confirmation of none); Field mappings (or confirmation of none); Answer destinations / routing confirmation
Q189,6. CONTRACT AND CLOSING,Are all required disclosures/adden…,Full prompt; Explanation; Stage; Response type; Persona; Remember choice; Route tag; Answer options; Visibility rules (or confirmation of none); Field mappings (or confirmation of none); Answer destinations / routing confirmation
Q190,6. CONTRACT AND CLOSING,Is the final strategy still the same a…,Full prompt; Explanation; Stage; Response type; Persona; Remember choice; Route tag; Answer options; Visibility rules (or confirmation of none); Field mappings (or confirmation of none); Answer destinations / routing confirmation
